hora,p1,p2,p3
0,0.0,0.0,0.0
1,0.0,0.0,0.0
2,0.0,0.0,0.0
3,0.0,0.0,0.0
4,0.0,0.0,0.0
5,0.0,0.0,0.0
6,0.0,0.0,0.0
7,0.103528,0.181173,0.258819
8,0.2,0.35,0.5
9,0.282843,0.494975,0.707107
10,0.34641,0.606218,0.866025
11,0.38637,0.676148,0.965926
12,0.4,0.7,1.0
13,0.38637,0.676148,0.965926
14,0.34641,0.606218,0.866025
15,0.282843,0.494975,0.707107
16,0.2,0.35,0.5
17,0.103528,0.181173,0.258819
18,0.0,0.0,0.0
19,0.0,0.0,0.0
20,0.0,0.0,0.0
21,0.0,0.0,0.0
22,0.0,0.0,0.0
23,0.0,0.0,0.0
